{
  "selection_sort": {
    "random": [
      0.0002110004425048828,
      1.8832902908325195,
      186.68009185791016,
      16867.505512475967
    ],
    "crescente": [
      0.0017077922821044922,
      1.6419448852539062,
      163.3858346939087,
      16409.59521126747
    ],
    "decrescente": [
      0.0018341541290283203,
      1.7200121879577637,
      164.75208497047424,
      16719.030656576157
    ]
  },
  "insertion_sort": {
    "random": [
      1.0967254638671875e-05,
      0.0009429454803466797,
      0.010009527206420898,
      0.08635568618774414
    ],
    "crescente": [
      8.821487426757812e-06,
      0.0008480548858642578,
      0.008759260177612305,
      0.09052920341491699
    ],
    "decrescente": [
      8.58306884765625e-06,
      0.0008752346038818359,
      0.008631229400634766,
      0.08829522132873535
    ]
  },
  "shell_sort": {
    "random": [
      0.00010800361633300781,
      0.013319969177246094,
      0.1894083023071289,
      2.0213122367858887
    ],
    "crescente": [
      9.751319885253906e-05,
      0.012295722961425781,
      0.16495180130004883,
      2.1014184951782227
    ],
    "decrescente": [
      9.560585021972656e-05,
      0.012703895568847656,
      0.16793370246887207,
      1.9684934616088867
    ]
  },
  "merge_sort": {
    "random": [
      0.00028777122497558594,
      0.03754568099975586,
      0.4638803005218506,
      4.633340120315552
    ],
    "crescente": [
      0.0002586841583251953,
      0.03415369987487793,
      0.4093747138977051,
      4.791844367980957
    ],
    "decrescente": [
      0.00024628639221191406,
      0.036295175552368164,
      0.41178131103515625,
      4.615169525146484
    ]
  }
}